record_name,input_duration_s,sample_count,sampling_rate_Hz,afe_output_min_V,afe_output_max_V,adc_input_min_V,adc_input_max_V,adc_code_min,adc_code_max,adc_code_peak_to_peak,positive_rail_hit_count,negative_rail_hit_count,clipping_ratio_percent,positive_headroom_to_rail_V,negative_headroom_to_rail_V,minimum_headroom_to_rail_V,minimum_headroom_to_rail_LSB
NSR,60.0,60000,1000.0,-0.111193406381604,0.385184380538142,-0.111193406381604,0.385184380538142,1909,2525,616,0,0,0.0,1.2648156194618578,1.538806593618396,1.2648156194618578,1569.5212005140327
CHF,60.0,60000,1000.0,-0.278712790249733,0.557422001283673,-0.278712790249733,0.557422001283673,1701,2739,1038,0,0,0.0,1.0925779987163269,1.3712872097502669,1.0925779987163269,1355.7899711343512
ARR,60.0,60000,1000.0,-0.630366559913704,0.466399103006148,-0.630366559913704,0.466399103006148,1265,2626,1361,0,0,0.0,1.1836008969938518,1.0196334400862959,1.0196334400862959,1265.2724051979944
AFF,60.0,60000,1000.0,-0.350374111024316,0.326537714372782,-0.350374111024316,0.326537714372782,1612,2452,840,0,0,0.0,1.323462285627218,1.299625888975684,1.299625888975684,1612.717580410735
